<?xml version='1.0' encoding='UTF-8'?>
<?artifactRepository version='1.1.0'?>
<repository name='Repository with p2 Director Bundles (Incubation)' type='org.eclipse.equinox.p2.artifact.repository.simpleRepository' version='1'>
  <properties size='2'>
    <property name='p2.timestamp' value='1394210057593'/>
    <property name='publishPackFilesAsSiblings' value='true'/>
  </properties>
  <mappings size='5'>
    <rule filter='(&amp; (classifier=osgi.bundle) (format=packed))' output='${repoUrl}/plugins/${id}_${version}.jar.pack.gz'/>
    <rule filter='(&amp; (classifier=osgi.bundle))' output='${repoUrl}/plugins/${id}_${version}.jar'/>
    <rule filter='(&amp; (classifier=binary))' output='${repoUrl}/binary/${id}_${version}'/>
    <rule filter='(&amp; (classifier=org.eclipse.update.feature) (format=packed))' output='${repoUrl}/features/${id}_${version}.jar.pack.gz'/>
    <rule filter='(&amp; (classifier=org.eclipse.update.feature))' output='${repoUrl}/features/${id}_${version}.jar'/>
  </mappings>
  <artifacts size='51'>
    <artifact classifier='osgi.bundle' id='org.eclipse.core.runtime' version='3.9.100.v20131218-1515'>
      <properties size='1'>
        <property name='download.size' value='73658'/>
      </properties>
    </artifact>
    <artifact classifier='osgi.bundle' id='org.eclipse.equinox.p2.touchpoint.eclipse' version='2.1.200.v20130327-2119'>
      <properties size='1'>
        <property name='download.size' value='127557'/>
      </properties>
    </artifact>
    <artifact classifier='osgi.bundle' id='org.eclipse.ecf.provider.filetransfer' version='3.2.0.v20130604-1622'>
      <properties size='1'>
        <property name='download.size' value='127621'/>
      </properties>
    </artifact>
    <artifact classifier='osgi.bundle' id='org.eclipse.tycho.noopsecurity' version='0.20.0'>
      <properties size='5'>
        <property name='artifact.size' value='5034'/>
        <property name='download.size' value='5034'/>
        <property name='maven-groupId' value='org.eclipse.tycho'/>
        <property name='maven-artifactId' value='org.eclipse.tycho.noopsecurity'/>
        <property name='maven-version' value='0.20.0'/>
      </properties>
    </artifact>
    <artifact classifier='osgi.bundle' id='org.eclipse.equinox.simpleconfigurator' version='1.0.400.v20130327-2119'>
      <properties size='1'>
        <property name='download.size' value='40533'/>
      </properties>
    </artifact>
    <artifact classifier='osgi.bundle' id='org.eclipse.equinox.p2.engine' version='2.3.0.v20130526-2122'>
      <properties size='1'>
        <property name='download.size' value='200296'/>
      </properties>
    </artifact>
    <artifact classifier='osgi.bundle' id='org.eclipse.ecf.provider.filetransfer.httpclient4.ssl' version='1.0.0.v20130604-1622'>
      <properties size='1'>
        <property name='download.size' value='13790'/>
      </properties>
    </artifact>
    <artifact classifier='osgi.bundle' id='org.eclipse.equinox.p2.director.app' version='1.0.300.v20130819-1621'>
      <properties size='1'>
        <property name='download.size' value='45334'/>
      </properties>
    </artifact>
    <artifact classifier='osgi.bundle' id='org.eclipse.equinox.p2.repository' version='2.3.0.v20130412-2032'>
      <properties size='1'>
        <property name='download.size' value='129564'/>
      </properties>
    </artifact>
    <artifact classifier='osgi.bundle' id='org.eclipse.core.jobs' version='3.5.300.v20130429-1813'>
      <properties size='1'>
        <property name='download.size' value='92479'/>
      </properties>
    </artifact>
    <artifact classifier='osgi.bundle' id='org.eclipse.equinox.frameworkadmin.equinox' version='1.0.500.v20130327-2119'>
      <properties size='1'>
        <property name='download.size' value='63436'/>
      </properties>
    </artifact>
    <artifact classifier='osgi.bundle' id='org.eclipse.equinox.p2.repository.tools' version='2.1.0.v20130327-2119'>
      <properties size='1'>
        <property name='download.size' value='229709'/>
      </properties>
    </artifact>
    <artifact classifier='osgi.bundle' id='org.eclipse.core.contenttype' version='3.4.200.v20130326-1255'>
      <properties size='1'>
        <property name='download.size' value='93013'/>
      </properties>
    </artifact>
    <artifact classifier='osgi.bundle' id='org.eclipse.equinox.p2.metadata.repository' version='1.2.100.v20130327-2119'>
      <properties size='1'>
        <property name='download.size' value='111551'/>
      </properties>
    </artifact>
    <artifact classifier='osgi.bundle' id='org.eclipse.equinox.p2.touchpoint.natives' version='1.1.100.v20130327-2119'>
      <properties size='1'>
        <property name='download.size' value='53136'/>
      </properties>
    </artifact>
    <artifact classifier='osgi.bundle' id='org.apache.commons.codec' version='1.4.0.v201209201156'>
      <properties size='1'>
        <property name='download.size' value='74542'/>
      </properties>
    </artifact>
    <artifact classifier='osgi.bundle' id='org.eclipse.equinox.p2.metadata' version='2.2.0.v20130523-1557'>
      <properties size='1'>
        <property name='download.size' value='337972'/>
      </properties>
    </artifact>
    <artifact classifier='osgi.bundle' id='org.eclipse.ecf.identity' version='3.2.0.v20130604-1622'>
      <properties size='1'>
        <property name='download.size' value='54407'/>
      </properties>
    </artifact>
    <artifact classifier='osgi.bundle' id='org.eclipse.ecf.provider.filetransfer.httpclient4' version='1.0.300.v20130604-1622'>
      <properties size='1'>
        <property name='download.size' value='70909'/>
      </properties>
    </artifact>
    <artifact classifier='osgi.bundle' id='org.sat4j.core' version='2.3.5.v201308161310'>
      <properties size='1'>
        <property name='download.size' value='363567'/>
      </properties>
    </artifact>
    <artifact classifier='osgi.bundle' id='org.eclipse.equinox.launcher' version='1.3.0.v20130327-1440'>
      <properties size='1'>
        <property name='download.size' value='49968'/>
      </properties>
    </artifact>
    <artifact classifier='osgi.bundle' id='org.apache.httpcomponents.httpclient' version='4.1.3.v201209201135'>
      <properties size='1'>
        <property name='download.size' value='514499'/>
      </properties>
    </artifact>
    <artifact classifier='osgi.bundle' id='org.eclipse.ecf.ssl' version='1.1.0.v20130604-1622'>
      <properties size='1'>
        <property name='download.size' value='14553'/>
      </properties>
    </artifact>
    <artifact classifier='osgi.bundle' id='org.eclipse.equinox.util' version='1.0.500.v20130404-1337'>
      <properties size='1'>
        <property name='download.size' value='77932'/>
      </properties>
    </artifact>
    <artifact classifier='osgi.bundle' id='org.eclipse.equinox.p2.core' version='2.3.0.v20130327-2119'>
      <properties size='1'>
        <property name='download.size' value='71398'/>
      </properties>
    </artifact>
    <artifact classifier='osgi.bundle' id='org.eclipse.equinox.p2.artifact.repository' version='1.1.200.v20130515-2028'>
      <properties size='1'>
        <property name='download.size' value='135772'/>
      </properties>
    </artifact>
    <artifact classifier='osgi.bundle' id='org.eclipse.equinox.registry' version='3.5.301.v20130717-1549'>
      <properties size='1'>
        <property name='download.size' value='184147'/>
      </properties>
    </artifact>
    <artifact classifier='osgi.bundle' id='org.eclipse.ecf.provider.filetransfer.ssl' version='1.0.0.v20130604-1622'>
      <properties size='1'>
        <property name='download.size' value='9676'/>
      </properties>
    </artifact>
    <artifact classifier='osgi.bundle' id='org.eclipse.equinox.p2.garbagecollector' version='1.0.200.v20130327-2119'>
      <properties size='1'>
        <property name='download.size' value='25053'/>
      </properties>
    </artifact>
    <artifact classifier='osgi.bundle' id='org.eclipse.equinox.preferences' version='3.5.100.v20130422-1538'>
      <properties size='1'>
        <property name='download.size' value='127170'/>
      </properties>
    </artifact>
    <artifact classifier='osgi.bundle' id='org.eclipse.core.runtime.compatibility.registry' version='3.5.200.v20130514-1256'>
      <properties size='1'>
        <property name='download.size' value='13560'/>
      </properties>
    </artifact>
    <artifact classifier='osgi.bundle' id='org.eclipse.equinox.ds' version='1.4.101.v20130813-1853'>
      <properties size='1'>
        <property name='download.size' value='194441'/>
      </properties>
    </artifact>
    <artifact classifier='osgi.bundle' id='org.eclipse.core.net' version='1.2.200.v20130430-1352'>
      <properties size='1'>
        <property name='download.size' value='70370'/>
      </properties>
    </artifact>
    <artifact classifier='osgi.bundle' id='org.sat4j.pb' version='2.3.5.v201308161310'>
      <properties size='1'>
        <property name='download.size' value='242569'/>
      </properties>
    </artifact>
    <artifact classifier='osgi.bundle' id='org.eclipse.ecf.filetransfer' version='5.0.0.v20130604-1622'>
      <properties size='1'>
        <property name='download.size' value='51730'/>
      </properties>
    </artifact>
    <artifact classifier='osgi.bundle' id='org.eclipse.equinox.app' version='1.3.100.v20130327-1442'>
      <properties size='1'>
        <property name='download.size' value='86244'/>
      </properties>
    </artifact>
    <artifact classifier='osgi.bundle' id='org.apache.commons.logging' version='1.1.1.v201101211721'>
      <properties size='1'>
        <property name='download.size' value='68107'/>
      </properties>
    </artifact>
    <artifact classifier='osgi.bundle' id='org.eclipse.equinox.p2.director' version='2.3.1.v20140221-1852'>
      <properties size='1'>
        <property name='download.size' value='103072'/>
      </properties>
    </artifact>
    <artifact classifier='osgi.bundle' id='org.eclipse.equinox.p2.jarprocessor' version='1.0.300.v20130327-2119'>
      <properties size='1'>
        <property name='download.size' value='65588'/>
      </properties>
    </artifact>
    <artifact classifier='osgi.bundle' id='org.eclipse.equinox.concurrent' version='1.1.0.v20130327-1442'>
      <properties size='1'>
        <property name='download.size' value='25493'/>
      </properties>
    </artifact>
    <artifact classifier='osgi.bundle' id='org.eclipse.equinox.common' version='3.6.200.v20130402-1505'>
      <properties size='1'>
        <property name='download.size' value='106701'/>
      </properties>
    </artifact>
    <artifact classifier='osgi.bundle' id='org.eclipse.ecf' version='3.2.0.v20130604-1622'>
      <properties size='1'>
        <property name='download.size' value='94160'/>
      </properties>
    </artifact>
    <artifact classifier='osgi.bundle' id='org.apache.httpcomponents.httpcore' version='4.1.4.v201203221030'>
      <properties size='1'>
        <property name='download.size' value='208576'/>
      </properties>
    </artifact>
    <artifact classifier='osgi.bundle' id='org.eclipse.equinox.p2.publisher' version='1.3.0.v20140129-1405'>
      <properties size='1'>
        <property name='download.size' value='109315'/>
      </properties>
    </artifact>
    <artifact classifier='osgi.bundle' id='org.eclipse.equinox.p2.publisher.eclipse' version='1.1.200.v20130516-1953'>
      <properties size='1'>
        <property name='download.size' value='207496'/>
      </properties>
    </artifact>
    <artifact classifier='osgi.bundle' id='org.eclipse.osgi.services' version='3.3.100.v20130513-1956'>
      <properties size='1'>
        <property name='download.size' value='82934'/>
      </properties>
    </artifact>
    <artifact classifier='osgi.bundle' id='org.eclipse.equinox.security' version='1.2.0.v20130424-1801'>
      <properties size='1'>
        <property name='download.size' value='107313'/>
      </properties>
    </artifact>
    <artifact classifier='osgi.bundle' id='org.eclipse.equinox.simpleconfigurator.manipulator' version='2.0.0.v20130327-2119'>
      <properties size='1'>
        <property name='download.size' value='25285'/>
      </properties>
    </artifact>
    <artifact classifier='osgi.bundle' id='org.eclipse.osgi' version='3.9.1.v20140110-1610'>
      <properties size='1'>
        <property name='download.size' value='1394033'/>
      </properties>
    </artifact>
    <artifact classifier='osgi.bundle' id='org.eclipse.equinox.p2.transport.ecf' version='1.1.0.v20130516-1858'>
      <properties size='1'>
        <property name='download.size' value='41515'/>
      </properties>
    </artifact>
    <artifact classifier='osgi.bundle' id='org.eclipse.equinox.frameworkadmin' version='2.0.100.v20130327-2119'>
      <properties size='1'>
        <property name='download.size' value='35960'/>
      </properties>
    </artifact>
  </artifacts>
</repository>
